iters,mean_ms,min_ms,max_ms,p50_ms,p90_ms,p99_ms
50,91.80744309909642,81.62189973518252,110.61338009312749,90.28756897896528,98.83380732499063,105.84028763230887
