iters,mean_ms,min_ms,max_ms,p50_ms,p90_ms,p99_ms
50,177.88179299794137,156.55909292399883,217.35637774690986,178.1164975836873,193.9493414014578,212.7680202294141
