iters,mean_ms,min_ms,max_ms,p50_ms,p90_ms,p99_ms
50,46.66084611788392,41.027620900422335,64.58943476900458,45.18823744729161,52.16786405071616,60.12756894808261
