iters,mean_ms,min_ms,max_ms,p50_ms,p90_ms,p99_ms
50,81.77015497991306,74.09121499949833,92.82119099952979,82.52737000020716,86.4596939997682,92.03619825952956
