iters,mean_ms,min_ms,max_ms,p50_ms,p90_ms,p99_ms
50,126.09704584003339,122.08170699977927,138.98129500012146,124.98983049999879,131.094754699825,138.28781367986267
