iters,mean_ms,min_ms,max_ms,p50_ms,p90_ms,p99_ms
50,45.36763101999895,42.53847499967378,49.13004100035323,44.99181300025157,47.538177599653864,48.909981019933184
